{
  "version": "morphocluster_1.0",
  "timestamp": "2026-03-16 08:17:21",
  "parameters": {
    "min_area": 1200,
    "max_area": 50000,
    "min_solidity": 0.2,
    "block_size": 51,
    "c": 10,
    "padding": 16,
    "merge_distance": 5,
    "feature_dim": 32,
    "pca": 64,
    "purity_threshold": 0.55,
    "grow_threshold": 0.35,
    "iterations": 6,
    "every_nth": 1
  },
  "results": {
    "total_detections": 9583,
    "n_clusters": 49,
    "n_unassigned": 0,
    "feature_dim": 512
  },
  "cluster_distribution": {
    "0": 123,
    "2": 1981,
    "3": 453,
    "4": 600,
    "5": 100,
    "6": 161,
    "7": 1873,
    "8": 473,
    "9": 65,
    "10": 170,
    "11": 25,
    "12": 28,
    "13": 42,
    "14": 181,
    "15": 54,
    "16": 337,
    "17": 74,
    "18": 126,
    "19": 97,
    "20": 19,
    "21": 23,
    "22": 22,
    "23": 20,
    "24": 25,
    "25": 24,
    "26": 28,
    "27": 43,
    "28": 21,
    "29": 110,
    "30": 24,
    "31": 20,
    "32": 28,
    "33": 24,
    "34": 21,
    "35": 20,
    "36": 20,
    "37": 26,
    "38": 24,
    "39": 71,
    "40": 91,
    "41": 23,
    "42": 19,
    "43": 33,
    "45": 23,
    "46": 20,
    "47": 73,
    "48": 28,
    "49": 1672,
    "50": 25
  },
  "cluster_statistics": {
    "0": {
      "count": 123,
      "quality_mean": 0.3540286005560414,
      "quality_std": 0.03642664232908421,
      "quality_min": 0.24696702680409355,
      "quality_max": 0.4760785562098854,
      "solidity_mean": 0.4880819274271281,
      "eccentricity_mean": 0.7870356098355801,
      "focus_score_mean": 21.1471117587972,
      "is_reject_cluster": false
    },
    "2": {
      "count": 1981,
      "quality_mean": 0.3277300813381805,
      "quality_std": 0.04597177829731008,
      "quality_min": 0.1929576612424968,
      "quality_max": 0.4978810449539007,
      "solidity_mean": 0.7274624194925668,
      "eccentricity_mean": 0.8842315619872391,
      "focus_score_mean": 15.737352461637043,
      "is_reject_cluster": false
    },
    "3": {
      "count": 453,
      "quality_mean": 0.3328886408147331,
      "quality_std": 0.03760076068340119,
      "quality_min": 0.18800254747502523,
      "quality_max": 0.4561982638900163,
      "solidity_mean": 0.8069456752252836,
      "eccentricity_mean": 0.7386500066978604,
      "focus_score_mean": 15.437344428163534,
      "is_reject_cluster": false
    },
    "4": {
      "count": 600,
      "quality_mean": 0.3487753357089646,
      "quality_std": 0.050124488716110804,
      "quality_min": 0.22472010160485406,
      "quality_max": 0.4850099772049634,
      "solidity_mean": 0.6532035590310986,
      "eccentricity_mean": 0.9054381727337646,
      "focus_score_mean": 18.83093466630159,
      "is_reject_cluster": false
    },
    "5": {
      "count": 100,
      "quality_mean": 0.3343917334338748,
      "quality_std": 0.03769414449004535,
      "quality_min": 0.20065954491860202,
      "quality_max": 0.4474930666639947,
      "solidity_mean": 0.8356353939066764,
      "eccentricity_mean": 0.7143958094742444,
      "focus_score_mean": 15.02871526187189,
      "is_reject_cluster": false
    },
    "6": {
      "count": 161,
      "quality_mean": 0.3761390594325096,
      "quality_std": 0.03467676360348137,
      "quality_min": 0.31068503757842225,
      "quality_max": 0.49066515241886877,
      "solidity_mean": 0.9067201135460228,
      "eccentricity_mean": 0.6984272259191079,
      "focus_score_mean": 17.052963256901432,
      "is_reject_cluster": false
    },
    "7": {
      "count": 1873,
      "quality_mean": 0.33125861749201235,
      "quality_std": 0.045255757694415845,
      "quality_min": 0.20030375668952416,
      "quality_max": 0.4993021962028845,
      "solidity_mean": 0.7655679846874277,
      "eccentricity_mean": 0.8488163827982755,
      "focus_score_mean": 15.381174568432188,
      "is_reject_cluster": false
    },
    "8": {
      "count": 473,
      "quality_mean": 0.3282472261528767,
      "quality_std": 0.046325282428259534,
      "quality_min": 0.21409907268545117,
      "quality_max": 0.46919691396924673,
      "solidity_mean": 0.7180932838479052,
      "eccentricity_mean": 0.9172800965777687,
      "focus_score_mean": 16.030065522818052,
      "is_reject_cluster": false
    },
    "9": {
      "count": 65,
      "quality_mean": 0.3949178809059837,
      "quality_std": 0.028936653397391883,
      "quality_min": 0.3172603546858339,
      "quality_max": 0.4718031541695704,
      "solidity_mean": 0.7811964041644405,
      "eccentricity_mean": 0.7179324250056839,
      "focus_score_mean": 21.082651964343853,
      "is_reject_cluster": false
    },
    "10": {
      "count": 170,
      "quality_mean": 0.37931044086692034,
      "quality_std": 0.04015216402088288,
      "quality_min": 0.288907477061489,
      "quality_max": 0.4983659056282587,
      "solidity_mean": 0.8691707735538095,
      "eccentricity_mean": 0.7261269037749856,
      "focus_score_mean": 23.226032330189252,
      "is_reject_cluster": false
    },
    "11": {
      "count": 25,
      "quality_mean": 0.3232329045545499,
      "quality_std": 0.03260735838469379,
      "quality_min": 0.2744267325470989,
      "quality_max": 0.38955041725085665,
      "solidity_mean": 0.7448268133349946,
      "eccentricity_mean": 0.7514506247765322,
      "focus_score_mean": 25.07286055405151,
      "is_reject_cluster": false
    },
    "12": {
      "count": 28,
      "quality_mean": 0.393764341402941,
      "quality_std": 0.022128124888951203,
      "quality_min": 0.31637345441749626,
      "quality_max": 0.41793513391819864,
      "solidity_mean": 0.7685666726300894,
      "eccentricity_mean": 0.6550250688275144,
      "focus_score_mean": 24.441482471056993,
      "is_reject_cluster": false
    },
    "13": {
      "count": 42,
      "quality_mean": 0.3462332082188949,
      "quality_std": 0.024116368577889024,
      "quality_min": 0.2828001900944018,
      "quality_max": 0.39781397507934707,
      "solidity_mean": 0.8408300193475168,
      "eccentricity_mean": 0.8560766036535574,
      "focus_score_mean": 18.50705955749708,
      "is_reject_cluster": false
    },
    "14": {
      "count": 181,
      "quality_mean": 0.38553253492973133,
      "quality_std": 0.04045044181518067,
      "quality_min": 0.31384383415958317,
      "quality_max": 0.5041024128806855,
      "solidity_mean": 0.8980484746796681,
      "eccentricity_mean": 0.7414342588752701,
      "focus_score_mean": 18.822080923620973,
      "is_reject_cluster": false
    },
    "15": {
      "count": 54,
      "quality_mean": 0.3104409569972542,
      "quality_std": 0.034604726026666845,
      "quality_min": 0.22701685992154574,
      "quality_max": 0.4217066730468275,
      "solidity_mean": 0.7112077762250841,
      "eccentricity_mean": 0.7987227333609754,
      "focus_score_mean": 18.874179685284545,
      "is_reject_cluster": false
    },
    "16": {
      "count": 337,
      "quality_mean": 0.3249197707618742,
      "quality_std": 0.04392788365396171,
      "quality_min": 0.21748956228642674,
      "quality_max": 0.4326342100342945,
      "solidity_mean": 0.5734595169587751,
      "eccentricity_mean": 0.9057858350364535,
      "focus_score_mean": 20.198592232105177,
      "is_reject_cluster": false
    },
    "17": {
      "count": 74,
      "quality_mean": 0.3424936650681409,
      "quality_std": 0.026935357328996674,
      "quality_min": 0.2745325670987745,
      "quality_max": 0.3970145969030783,
      "solidity_mean": 0.46059403958111905,
      "eccentricity_mean": 0.9734930092482899,
      "focus_score_mean": 16.92193968029167,
      "is_reject_cluster": false
    },
    "18": {
      "count": 126,
      "quality_mean": 0.3372001792547787,
      "quality_std": 0.06078694804762785,
      "quality_min": 0.2500466118932536,
      "quality_max": 0.8613261896117579,
      "solidity_mean": 0.6683841455606414,
      "eccentricity_mean": 0.8543780271613595,
      "focus_score_mean": 24.00715780880847,
      "is_reject_cluster": false
    },